identity,similarity,seq,length,simlength,total_charge,nr_charged,Happiness_mean,Nr_sad,tip_pos,tip_res,protrusion,Hydropathy,Hydropathy_diff,Access,Relacc,Scacc,Screlacc,Access_avg,Relacc_avg,Scacc_avg,Screlacc_avg,critical_seq,blosum_dist,contacts_all,contacts_out,contacts_ratio_out_all,local_AA_bin0.339,local_CA_bin0.339,global_AA_bin0.339,global_CA_bin0.339,local_AA_bin0.339,local_CA_bin0.339,global_AA_bin0.339,global_CA_bin0.339,local_AA_bin0.339,local_CA_bin0.339,global_AA_bin0.339,global_CA_bin0.339,local_AA_bin0.339,local_CA_bin0.339,global_AA_bin0.339,global_CA_bin0.339,local_AA_bin0.339,local_CA_bin0.339,global_AA_bin0.339,global_CA_bin0.339,local_AA_bin0.339,local_CA_bin0.339,global_AA_bin0.339,global_CA_bin0.339,local_AA_bin0.339,local_CA_bin0.339,global_AA_bin0.339,global_CA_bin0.339,local_AA_bin0.339,local_CA_bin0.339,global_AA_bin0.339,global_CA_bin0.339,local_AA_bin0.339,local_CA_bin0.339,global_AA_bin0.339,global_CA_bin0.339,local_AA_bin0.339,local_CA_bin0.339,global_AA_bin0.339,global_CA_bin0.339,local_AA_nom,local_CA_nom,global_AA_nom,global_CA_nom,local_AA,local_CA,global_AA,global_CA
0.500,0.365,AERLRRTFDY,10,0.0365,3,5,0.734,1,101,D,5.273603031595702,-5.51,0.0,707.0890000000002,349.721,627.4780000000001,382.072,70.70890000000001,34.9721,62.747800000000005,38.2072,AERDY,14.264662506490406,15,5,0.3333333333333333,1,1,1,1,1,1,1,1,1,1,1,1,1,1,1,1,1,1,1,1,1,1,1,1,1,1,1,1,1,1,1,1,1,1,1,1,1,1,1,1,6,6,6,6,5.213,2.373,5.571,3.237
0.875,0.911,ERDYRLDY,8,0.113875,1,5,0.732,1,99,R,5.457547402128437,-5.09,0.0,499.64599999999996,259.734,442.374,276.546,62.455749999999995,32.46675,55.29675,34.56825,ERDDY,-10.0,13,5,0.38461538461538464,1,0,1,1,1,0,1,1,1,0,1,1,1,0,1,1,1,0,1,1,1,0,1,1,1,0,1,1,1,0,1,1,1,0,1,1,1,0,1,1,6,6,6,6,0.387,0.126,0.465,0.339
0.667,0.514,GYYVDY,6,0.08566666666666667,-1,1,0.951,0,97,Y,5.576107297130648,0.04000000000000002,0.0,371.738,201.553,308.51599999999996,191.019,61.95633333333333,33.592166666666664,51.41933333333333,31.8365,GYYDY,-3.0,12,6,0.5,1,1,1,1,1,1,1,1,1,1,1,1,1,1,1,1,1,1,1,1,1,1,1,1,1,1,1,1,1,1,1,1,1,1,1,1,1,1,1,1,6,6,6,6,3.653,2.989,4.249,4.384
0.556,0.411,YYSYYDMDY,9,0.04566666666666666,-2,2,0.906,0,101,D,5.1563387245888475,-1.3399999999999999,0.0,439.12100000000004,227.24599999999998,398.81100000000004,245.735,48.791222222222224,25.249555555555553,44.312333333333335,27.303888888888892,YYSDY,9.0,20,11,0.55,1,1,1,1,1,1,1,1,1,1,1,1,1,1,1,1,1,1,1,1,1,1,1,1,1,1,1,1,1,1,1,1,1,1,1,1,1,1,1,1,6,6,6,6,4.897,2.488,8.346,6.230
